Brand,Model,category,source,sourceType,sourceId
Onkyo,TX-SR353   ,Audio/Video Receiver,Fry's Electronics,retailer,1
Denon,AVRX2300W  ,Audio/Video Receiver,Fry's Electronics,retailer,1
Onkyo,TXNR575    ,Audio/Video Receiver,Fry's Electronics,retailer,1
Yamaha,R-S500BL   ,Audio/Video Receiver,Fry's Electronics,retailer,1
Yamaha,RX-S601BL  ,Audio/Video Receiver,Fry's Electronics,retailer,1
Yamaha,R-S300BL   ,Audio/Video Receiver,Fry's Electronics,retailer,1
Onkyo,TX-NR646   ,Audio/Video Receiver,Fry's Electronics,retailer,1
Pioneer,SX-N30     ,Audio/Video Receiver,Fry's Electronics,retailer,1
Denon,AVRX3300W  ,Audio/Video Receiver,Fry's Electronics,retailer,1
Onkyo,TXNR636    ,Audio/Video Receiver,Fry's Electronics,retailer,1
Pioneer,VSX-1131   ,Audio/Video Receiver,Fry's Electronics,retailer,1
Denon,AVR-X3100W ,Audio/Video Receiver,Fry's Electronics,retailer,1
Denon,AVRX1300W  ,Audio/Video Receiver,Fry's Electronics,retailer,1
Onkyo,TXNR535    ,Audio/Video Receiver,Fry's Electronics,retailer,1
Yamaha,TSR-5790BL ,Audio/Video Receiver,Fry's Electronics,retailer,1
Pioneer,VSX-LX101  ,Audio/Video Receiver,Fry's Electronics,retailer,1
Yamaha,RX-A550BL  ,Audio/Video Receiver,Fry's Electronics,retailer,1
Onkyo,TX-8160    ,Audio/Video Receiver,Fry's Electronics,retailer,1
Sony,STRDN1070  ,Audio/Video Receiver,Fry's Electronics,retailer,1
Pioneer,VSX-90     ,Audio/Video Receiver,Fry's Electronics,retailer,1
Denon,AVRS720W   ,Audio/Video Receiver,Fry's Electronics,retailer,1
Yamaha,RX-A760BL  ,Audio/Video Receiver,Fry's Electronics,retailer,1
Yamaha,RX-V779BL  ,Audio/Video Receiver,Fry's Electronics,retailer,1
Yamaha,RX-V381BL  ,Audio/Video Receiver,Fry's Electronics,retailer,1
Pioneer,VSX-831    ,Audio/Video Receiver,Fry's Electronics,retailer,1
Pioneer,Elite SC-95,Audio/Video Receiver,Fry's Electronics,retailer,1
Denon,AVR-X5200W ,Audio/Video Receiver,Fry's Electronics,retailer,1
Onkyo,HT-R593 REFURBISHED ,Audio/Video Receiver,Fry's Electronics,retailer,1
Pioneer,VSX-531    ,Audio/Video Receiver,Fry's Electronics,retailer,1
Yamaha,RX-A660BL  ,Audio/Video Receiver,Fry's Electronics,retailer,1
Yamaha,RX-V581BL  ,Audio/Video Receiver,Fry's Electronics,retailer,1
Onkyo,TX-NR1030  ,Audio/Video Receiver,Fry's Electronics,retailer,1
Pioneer,VSX532     ,Audio/Video Receiver,Fry's Electronics,retailer,1
Denon,AVRS530BT  ,Audio/Video Receiver,Fry's Electronics,retailer,1
Denon,AVRS930H   ,Audio/Video Receiver,Fry's Electronics,retailer,1
Yamaha,TSR-5810BL ,Audio/Video Receiver,Fry's Electronics,retailer,1
Denon,AVRX1400H  ,Audio/Video Receiver,Fry's Electronics,retailer,1
Pioneer,VSX932     ,Audio/Video Receiver,Fry's Electronics,retailer,1
Denon,AVRS730H   ,Audio/Video Receiver,Fry's Electronics,retailer,1
Onkyo,TX-RZ820   ,Audio/Video Receiver,Fry's Electronics,retailer,1
Pioneer,VSXLX102   ,Audio/Video Receiver,Fry's Electronics,retailer,1
Yamaha,TSR-7810BL ,Audio/Video Receiver,Fry's Electronics,retailer,1
Sony,STRDH770   ,Audio/Video Receiver,Fry's Electronics,retailer,1
Pioneer,VSX-LX301  ,Audio/Video Receiver,Fry's Electronics,retailer,1
Yamaha,RX-V583BL  ,Audio/Video Receiver,Fry's Electronics,retailer,1
Yamaha,RX-A1060BL ,Audio/Video Receiver,Fry's Electronics,retailer,1
Pioneer,SCLX501    ,Audio/Video Receiver,Fry's Electronics,retailer,1
Yamaha,RX-V483BL  ,Audio/Video Receiver,Fry's Electronics,retailer,1
Onkyo,TXNR737    ,Audio/Video Receiver,Fry's Electronics,retailer,1
Sony,STRDH750   ,Audio/Video Receiver,Fry's Electronics,retailer,1
Sony,STR-DH130  ,Audio/Video Receiver,Fry's Electronics,retailer,1
Yamaha,RX-A770BL  ,Audio/Video Receiver,Fry's Electronics,retailer,1
Onkyo,TX-RZ610   ,Audio/Video Receiver,Fry's Electronics,retailer,1
Denon,AVR-S700W  ,Audio/Video Receiver,Fry's Electronics,retailer,1
Sony,STRDH550   ,Audio/Video Receiver,Fry's Electronics,retailer,1
Yamaha,RX-V383BL  ,Audio/Video Receiver,Fry's Electronics,retailer,1
Denon,AVRS920W   ,Audio/Video Receiver,Fry's Electronics,retailer,1
Onkyo,TX-NR656   ,Audio/Video Receiver,Fry's Electronics,retailer,1
Yamaha,RX-A3070BL ,Audio/Video Receiver,Fry's Electronics,retailer,1
Sony,STRDH190   ,Audio/Video Receiver,Fry's Electronics,retailer,1
Denon,AVRX6300H  ,Audio/Video Receiver,Fry's Electronics,retailer,1
Onkyo,TX-SR373   ,Audio/Video Receiver,Fry's Electronics,retailer,1
Yamaha,RX-A2070BL ,Audio/Video Receiver,Fry's Electronics,retailer,1
Onkyo,TX-8140    ,Audio/Video Receiver,Fry's Electronics,retailer,1
Onkyo,TX8020     ,Audio/Video Receiver,Fry's Electronics,retailer,1
Onkyo,TX-NR777   ,Audio/Video Receiver,Fry's Electronics,retailer,1
Onkyo,TX-RZ620   ,Audio/Video Receiver,Fry's Electronics,retailer,1
Pioneer,SCLX801    ,Audio/Video Receiver,Fry's Electronics,retailer,1
Pioneer,SCLX701    ,Audio/Video Receiver,Fry's Electronics,retailer,1
Onkyo,TX-RZ720   ,Audio/Video Receiver,Fry's Electronics,retailer,1
Harman Kardon,AVR 1610S  ,Audio/Video Receiver,Fry's Electronics,retailer,1
Yamaha,R-S202     ,Audio/Video Receiver,Fry's Electronics,retailer,1
Pioneer,VSXLX302   ,Audio/Video Receiver,Fry's Electronics,retailer,1
Onkyo,TXNR676    ,Audio/Video Receiver,Fry's Electronics,retailer,1
Yamaha,RX-A780BL  ,Audio/Video Receiver,Fry's Electronics,retailer,1
Denon,AVRS540BT  ,Audio/Video Receiver,Fry's Electronics,retailer,1
Yamaha,RX-V385BL  ,Audio/Video Receiver,Fry's Electronics,retailer,1
Denon,AVRX3400H  ,Audio/Video Receiver,Fry's Electronics,retailer,1
Yamaha,RX-A1070BL ,Audio/Video Receiver,Fry's Electronics,retailer,1
Yamaha,R-N303BL   ,Audio/Video Receiver,Fry's Electronics,retailer,1
Denon,AVRX6400H  ,Audio/Video Receiver,Fry's Electronics,retailer,1
Pioneer,VSX832     ,Audio/Video Receiver,Fry's Electronics,retailer,1
Denon,AVRS640H   ,Audio/Video Receiver,Fry's Electronics,retailer,1
Yamaha,R-S700BL   ,Audio/Video Receiver,Fry's Electronics,retailer,1
Sony,STRDH590   ,Audio/Video Receiver,Fry's Electronics,retailer,1
Onkyo,TX-8270    ,Audio/Video Receiver,Fry's Electronics,retailer,1
Denon,AVRX4400H  ,Audio/Video Receiver,Fry's Electronics,retailer,1
Yamaha,R-N301BL   ,Audio/Video Receiver,Fry's Electronics,retailer,1
Sony,STRDH790   ,Audio/Video Receiver,Fry's Electronics,retailer,1
Harman Kardon,AVR 1510S  ,Audio/Video Receiver,Fry's Electronics,retailer,1
Yamaha,RX-V585BL  ,Audio/Video Receiver,Fry's Electronics,retailer,1
Pioneer,SCLX901    ,Audio/Video Receiver,Fry's Electronics,retailer,1
Denon,AVRX8500H BK        ,Audio/Video Receiver,Fry's Electronics,retailer,1
Klipsch,1064561    ,Audio/Video Receiver,Fry's Electronics,retailer,1
Yamaha,RX-V485BL  ,Audio/Video Receiver,Fry's Electronics,retailer,1
Klipsch,1065137    ,Audio/Video Receiver,Fry's Electronics,retailer,1
Teac,CRH101B    ,Audio/Video Receiver,Fry's Electronics,retailer,1
Onkyo,TXSR383    ,Audio/Video Receiver,Fry's Electronics,retailer,1
Onkyo,TXNR585    ,Audio/Video Receiver,Fry's Electronics,retailer,1
Yamaha,RX-A870BL  ,Audio/Video Receiver,Fry's Electronics,retailer,1
Sony,STRDN1080  ,Audio/Video Receiver,Fry's Electronics,retailer,1
Denon,AVRX2400H  ,Audio/Video Receiver,Fry's Electronics,retailer,1
Pioneer,VSXLX303   ,Audio/Video Receiver,Fry's Electronics,retailer,1
Onkyo,TX-RZ3100  ,Audio/Video Receiver,Fry's Electronics,retailer,1
Denon,AVRX2500H  ,Audio/Video Receiver,Fry's Electronics,retailer,1
Denon,AVRS940H   ,Audio/Video Receiver,Fry's Electronics,retailer,1
Yamaha,RX-V685BL  ,Audio/Video Receiver,Fry's Electronics,retailer,1
Harman Kardon,HK 3700    ,Audio/Video Receiver,Fry's Electronics,retailer,1
Harman Kardon,HK 3770    ,Audio/Video Receiver,Fry's Electronics,retailer,1
Denon,AVRX1500H  ,Audio/Video Receiver,Fry's Electronics,retailer,1
Onkyo,TXNR686    ,Audio/Video Receiver,Fry's Electronics,retailer,1
Denon,AVRS740H   ,Audio/Video Receiver,Fry's Electronics,retailer,1
ELAC,DS-S101    ,Audio/Video Receiver,Fry's Electronics,retailer,1
Onkyo,TX-RZ1100  ,Audio/Video Receiver,Fry's Electronics,retailer,1
Onkyo,TXNR787    ,Audio/Video Receiver,Fry's Electronics,retailer,1
Pioneer,VSXLX502   ,Audio/Video Receiver,Fry's Electronics,retailer,1
Pioneer,VSXLX103   ,Audio/Video Receiver,Fry's Electronics,retailer,1
Yamaha,R-N602BL   ,Audio/Video Receiver,Fry's Electronics,retailer,1
Sony,HTST5      ," Sound Bars",Fry's Electronics,retailer,1
Bose,740928-1110," Sound Bars",Fry's Electronics,retailer,1
Samsung,HW-K450/ZA ," Sound Bars",Fry's Electronics,retailer,1
Sony,HTCT380    ," Sound Bars",Fry's Electronics,retailer,1
LG,SJ4Y       ," Sound Bars",Fry's Electronics,retailer,1
Sony,HT-ST7     ," Sound Bars",Fry's Electronics,retailer,1
Naxa,NHS-2007   ," Sound Bars",Fry's Electronics,retailer,1
Samsung,HW-F355/ZA ," Sound Bars",Fry's Electronics,retailer,1
Samsung,HW-J250    ," Sound Bars",Fry's Electronics,retailer,1
Samsung,HW-J355/ZA ," Sound Bars",Fry's Electronics,retailer,1
LG,SPJ4-S     ," Sound Bars",Fry's Electronics,retailer,1
Philips,HTL2161B/F7B        ," Sound Bars",Fry's Electronics,retailer,1
iLive,ITB195B    ," Sound Bars",Fry's Electronics,retailer,1
iLive,ITB284B    ," Sound Bars",Fry's Electronics,retailer,1
Grand Prix,iT123B     ," Sound Bars",Fry's Electronics,retailer,1
SYBA,CL-SPK20149," Sound Bars",Fry's Electronics,retailer,1
SYBA,CL-SPK20037," Sound Bars",Fry's Electronics,retailer,1
Philips,HTL2101A/F7B        ," Sound Bars",Fry's Electronics,retailer,1
Polk Audio,AM8114-A   ," Sound Bars",Fry's Electronics,retailer,1
Polk Audio,AM6914-A   ," Sound Bars",Fry's Electronics,retailer,1
Yamaha,YAS-706BL  ," Sound Bars",Fry's Electronics,retailer,1
LG,SJ9        ," Sound Bars",Fry's Electronics,retailer,1
Sony,HTCT390    ," Sound Bars",Fry's Electronics,retailer,1
JBL,JBLSB450BLKAM       ," Sound Bars",Fry's Electronics,retailer,1
LG,SJ5Y-S     ," Sound Bars",Fry's Electronics,retailer,1
JBL,SB400      ," Sound Bars",Fry's Electronics,retailer,1
Sony,HTCT780    ," Sound Bars",Fry's Electronics,retailer,1
LG,SJ5Y       ," Sound Bars",Fry's Electronics,retailer,1
Sony,HTXT2      ," Sound Bars",Fry's Electronics,retailer,1
iLive,ITB296B    ," Sound Bars",Fry's Electronics,retailer,1
Boston,TVee26REFURBISHED   ," Sound Bars",Fry's Electronics,retailer,1
Sanyo,RFWSB426F  ," Sound Bars",Fry's Electronics,retailer,1
iLive,IT082B     ," Sound Bars",Fry's Electronics,retailer,1
Boston,TVee10     ," Sound Bars",Fry's Electronics,retailer,1
Grand Prix,ITP152B    ," Sound Bars",Fry's Electronics,retailer,1
Sony,HT-CT80    ," Sound Bars",Fry's Electronics,retailer,1
Onkyo,LSB-50     ," Sound Bars",Fry's Electronics,retailer,1
LG,LAS454B    ," Sound Bars",Fry's Electronics,retailer,1
JBL,CINEMA SB400-Z      ," Sound Bars",Fry's Electronics,retailer,1
Sony,HTST9      ," Sound Bars",Fry's Electronics,retailer,1
Yamaha,YAS-107BL  ," Sound Bars",Fry's Electronics,retailer,1
LG,SK5Y       ," Sound Bars",Fry's Electronics,retailer,1
LG,SJ7        ," Sound Bars",Fry's Electronics,retailer,1
Sony,HTCT790    ," Sound Bars",Fry's Electronics,retailer,1
Samsung,HW-N550/ZA ," Sound Bars",Fry's Electronics,retailer,1
Sony,HTCT290    ," Sound Bars",Fry's Electronics,retailer,1
Samsung,HW-M550/ZA ," Sound Bars",Fry's Electronics,retailer,1
Polk Audio,AM6946-A   ," Sound Bars",Fry's Electronics,retailer,1
LG,SJ8        ," Sound Bars",Fry's Electronics,retailer,1
LG,SH7B       ," Sound Bars",Fry's Electronics,retailer,1
Samsung,HW-M450/ZA ," Sound Bars",Fry's Electronics,retailer,1
LG,SJ4R       ," Sound Bars",Fry's Electronics,retailer,1
LG,SJ6B       ," Sound Bars",Fry's Electronics,retailer,1
Polk Audio,AM8111-A   ," Sound Bars",Fry's Electronics,retailer,1
JBL,JBLBAR51BLKAM       ," Sound Bars",Fry's Electronics,retailer,1
Yamaha,YAS-207BL  ," Sound Bars",Fry's Electronics,retailer,1
Polk Audio,AM9114-A   ," Sound Bars",Fry's Electronics,retailer,1
LG,SH2        ," Sound Bars",Fry's Electronics,retailer,1
Klipsch,RSB-11     ," Sound Bars",Fry's Electronics,retailer,1
LG,SK6Y       ," Sound Bars",Fry's Electronics,retailer,1
LG,SJ4Y-S     ," Sound Bars",Fry's Electronics,retailer,1
LG,SK1        ," Sound Bars",Fry's Electronics,retailer,1
iLive,ITB404B    ," Sound Bars",Fry's Electronics,retailer,1
Samsung,HW-MS750/ZA," Sound Bars",Fry's Electronics,retailer,1
Naxa,NHS-2006   ," Sound Bars",Fry's Electronics,retailer,1
LG,SK8Y       ," Sound Bars",Fry's Electronics,retailer,1
Sanyo,RFWSB405FS ," Sound Bars",Fry's Electronics,retailer,1
Naxa,NHS-2011   ," Sound Bars",Fry's Electronics,retailer,1
Naxa,NHS-2012   ," Sound Bars",Fry's Electronics,retailer,1
Klipsch,RSB-6      ," Sound Bars",Fry's Electronics,retailer,1
iLive,ITBSW397B  ," Sound Bars",Fry's Electronics,retailer,1
LG,SK10Y      ," Sound Bars",Fry's Electronics,retailer,1
Jamo,1064484    ," Sound Bars",Fry's Electronics,retailer,1
Klipsch,1064190    ," Sound Bars",Fry's Electronics,retailer,1
Jamo,1064333    ," Sound Bars",Fry's Electronics,retailer,1
Klipsch,R-4B Sound bar      ," Sound Bars",Fry's Electronics,retailer,1
Samsung,HW-M4500/ZA," Sound Bars",Fry's Electronics,retailer,1
Harman Kardon,HKSB20BLKAM," Sound Bars",Fry's Electronics,retailer,1
JBL,JBLBAR31BLKAM       ," Sound Bars",Fry's Electronics,retailer,1
Polk Audio,MagniFI MAX SYSTEM  ," Sound Bars",Fry's Electronics,retailer,1
JBL,JBLBAR21BLKAM       ," Sound Bars",Fry's Electronics,retailer,1
Toshiba,TY-SBX130  ," Sound Bars",Fry's Electronics,retailer,1
Sony,HTX9000F   ," Sound Bars",Fry's Electronics,retailer,1
iLive,ITB105B    ," Sound Bars",Fry's Electronics,retailer,1
Samsung,HW-N400/ZA ," Sound Bars",Fry's Electronics,retailer,1
Sony,HTZ9F      ," Sound Bars",Fry's Electronics,retailer,1
Sony,HTS200F    ," Sound Bars",Fry's Electronics,retailer,1
Sony,HTS100F    ," Sound Bars",Fry's Electronics,retailer,1
Sanyo,RFWSB415E  ," Sound Bars",Fry's Electronics,retailer,1
Sony,HTCT800    ," Sound Bars",Fry's Electronics,retailer,1
Jamo,1064187    ," Sound Bars",Fry's Electronics,retailer,1
Samsung,HW-N450/ZA ," Sound Bars",Fry's Electronics,retailer,1
Samsung,HW-MS550/ZA," Sound Bars",Fry's Electronics,retailer,1
Jamo,1064193    ," Sound Bars",Fry's Electronics,retailer,1
LG,SJ2        ," Sound Bars",Fry's Electronics,retailer,1
Grand Prix,iTBSW285B  ," Sound Bars",Fry's Electronics,retailer,1
iLive,ITB066B    ," Sound Bars",Fry's Electronics,retailer,1
Sony,HTMT300/B  ," Sound Bars",Fry's Electronics,retailer,1
Samsung,HW-M360/ZA ," Sound Bars",Fry's Electronics,retailer,1
LG,SK9Y       ," Sound Bars",Fry's Electronics,retailer,1
JBL,JBLBARSBLKAM        ," Sound Bars",Fry's Electronics,retailer,1
Yamaha,YSP-5600BL ," Sound Bars",Fry's Electronics,retailer,1
Bose,732522-1110," Sound Bars",Fry's Electronics,retailer,1
Sony,HTST5000   ," Sound Bars",Fry's Electronics,retailer,1
Harman Kardon,SABRE35 AM ," Sound Bars",Fry's Electronics,retailer,1
Samsung,HW-N650/ZA ," Sound Bars",Fry's Electronics,retailer,1
Samsung,HW-K850/ZA ," Sound Bars",Fry's Electronics,retailer,1
Toshiba,TY-WSB600  ," Sound Bars",Fry's Electronics,retailer,1
Sony,HTNT5      ," Sound Bars",Fry's Electronics,retailer,1
Harman Kardon,SB26AM     ," Sound Bars",Fry's Electronics,retailer,1
Klipsch,RSB-8      ," Sound Bars",Fry's Electronics,retailer,1
Samsung,HW-MS6500/ZA        ," Sound Bars",Fry's Electronics,retailer,1
Samsung,HW-MS650/ZA," Sound Bars",Fry's Electronics,retailer,1
Polk Audio,AM9214-A   ," Sound Bars",Fry's Electronics,retailer,1
JBL,ARENA125CWH," Sound Bars",Fry's Electronics,retailer,1
Bose,767520-1100," Sound Bars",Fry's Electronics,retailer,1
Samsung,HW-N700/ZA ," Sound Bars",Fry's Electronics,retailer,1
Bose,760093-1110," Sound Bars",Fry's Electronics,retailer,1
Bose,768973-1110," Sound Bars",Fry's Electronics,retailer,1
Samsung,HW-K950/ZA ," Sound Bars",Fry's Electronics,retailer,1
Onkyo,TXNR585,Portable DVD Player,Fry's Electronics,retailer,1
Sony,STRDN1080,Portable DVD Player,Fry's Electronics,retailer,1
Yamaha,RX-A870BL,Portable DVD Player,Fry's Electronics,retailer,1
Denon,AVRX2400H,Portable DVD Player,Fry's Electronics,retailer,1
Onkyo,TX-RZ3100,Portable DVD Player,Fry's Electronics,retailer,1
Pioneer,VSXLX303,Portable DVD Player,Fry's Electronics,retailer,1
Onkyo,TXNR787,Portable DVD Player,Fry's Electronics,retailer,1
Denon,AVRX2500H,Portable DVD Player,Fry's Electronics,retailer,1
Denon,AVRS940H,Portable DVD Player,Fry's Electronics,retailer,1
Denon,AVRX1500H,Portable DVD Player,Fry's Electronics,retailer,1
Yamaha,RX-V685BL,Portable DVD Player,Fry's Electronics,retailer,1
Pioneer,VSXLX103,Portable DVD Player,Fry's Electronics,retailer,1
Harman Kardon,HK 3700,Portable DVD Player,Fry's Electronics,retailer,1
Harman Kardon,HK 3770,Portable DVD Player,Fry's Electronics,retailer,1
Pioneer,VSXLX502,Portable DVD Player,Fry's Electronics,retailer,1
Onkyo,TXNR686,Portable DVD Player,Fry's Electronics,retailer,1
Yamaha,R-N602BL,Portable DVD Player,Fry's Electronics,retailer,1
ELAC,DS-S101,Portable DVD Player,Fry's Electronics,retailer,1
Onkyo,TX-RZ1100,Portable DVD Player,Fry's Electronics,retailer,1
Denon,AVRS740H,Portable DVD Player,Fry's Electronics,retailer,1
Atyme,490AM7UD,Televisions,Fry's Electronics,retailer,1
Samsung,UN65JS9500FXZA,Televisions,Fry's Electronics,retailer,1
Samsung,UN55F6300AFXZA,Televisions,Fry's Electronics,retailer,1
Samsung,UN55F6400AFXZA,Televisions,Fry's Electronics,retailer,1
Samsung,UN50JU6500FXZA,Televisions,Fry's Electronics,retailer,1
Samsung,UN60J6200,Televisions,Fry's Electronics,retailer,1
Samsung,UN55JU6500FXZA,Televisions,Fry's Electronics,retailer,1
Samsung,UN55JU6700FXZA,Televisions,Fry's Electronics,retailer,1
Panasonic,TC-65CX400U,Televisions,Fry's Electronics,retailer,1
Samsung,UN65F7100AFXZA,Televisions,Fry's Electronics,retailer,1
Samsung,UN40JU7500FXZA,Televisions,Fry's Electronics,retailer,1
Samsung,UN40EH5300FXZA,Televisions,Fry's Electronics,retailer,1
Samsung,UN32EH4003,Televisions,Fry's Electronics,retailer,1
TCL,TCL LE48FHDF3310,Televisions,Fry's Electronics,retailer,1
Samsung,UN65F9000FXZA,Televisions,Fry's Electronics,retailer,1
Sony,XBR65X930D,Televisions,Fry's Electronics,retailer,1
LG,55UB8500,Televisions,Fry's Electronics,retailer,1
Samsung,UN55KU6500,Televisions,Fry's Electronics,retailer,1
Samsung,RBUN55JU650DFXZA,Televisions,Fry's Electronics,retailer,1
Samsung,UN40JU6400,Televisions,Fry's Electronics,retailer,1
LG,43LJ5000,Televisions,Fry's Electronics,retailer,1
Proscan,PLDED3231A-RR,Televisions,Fry's Electronics,retailer,1
Sanyo,DP24E14B,Televisions,Fry's Electronics,retailer,1
TCL,23F3300,Televisions,Fry's Electronics,retailer,1
Element,ELEFW195,Televisions,Fry's Electronics,retailer,1
RCA,LED32G30RQD,Televisions,Fry's Electronics,retailer,1
Samsung,SAMSUNG UN39FH5000,Televisions,Fry's Electronics,retailer,1
RCA,LED32C45RQ,Televisions,Fry's Electronics,retailer,1
Samsung,UN40JU6500FXZA,Televisions,Fry's Electronics,retailer,1
LG,55LH5750,Televisions,Fry's Electronics,retailer,1
RCA,LED60B55R120Q,Televisions,Fry's Electronics,retailer,1
LG,65UH6030,Televisions,Fry's Electronics,retailer,1
Samsung,UN65KS8000FXZA,Televisions,Fry's Electronics,retailer,1
Sony,XBR55X930D,Televisions,Fry's Electronics,retailer,1
Samsung,UN65KS8500FXZA,Televisions,Fry's Electronics,retailer,1
Sony,KDL32R500C,Televisions,Fry's Electronics,retailer,1
Samsung,QN49Q6FAMFXZA,Televisions,Fry's Electronics,retailer,1
Sony,XBR75X940D,Televisions,Fry's Electronics,retailer,1
Samsung,UN65KU6500,Televisions,Fry's Electronics,retailer,1
Sony,XBR55X850C,Televisions,Fry's Electronics,retailer,1
RCA,PRK65A65RQ,Televisions,Fry's Electronics,retailer,1
Sony,XBR65X850D,Televisions,Fry's Electronics,retailer,1
Sony,XBR49X800D,Televisions,Fry's Electronics,retailer,1
Samsung,UN55KS8000FXZA,Televisions,Fry's Electronics,retailer,1
Panasonic,TC-55CX400U,Televisions,Fry's Electronics,retailer,1
KC,KC55V1,Televisions,Fry's Electronics,retailer,1
LG,32LJ500B,Televisions,Fry's Electronics,retailer,1
Samsung,UN60H7150AFXZA,Televisions,Fry's Electronics,retailer,1
Seiki,SE26HQ04,Televisions,Fry's Electronics,retailer,1
LG,22LN4500,Televisions,Fry's Electronics,retailer,1
RCA,RSLD50A45RQ,Televisions,Fry's Electronics,retailer,1
RCA,RLED50B45RQ,Televisions,Fry's Electronics,retailer,1
LG,49LJ5500,Televisions,Fry's Electronics,retailer,1
Samsung,UN65KU7500,Televisions,Fry's Electronics,retailer,1
LG,55LA9700,Televisions,Fry's Electronics,retailer,1
Samsung,UN75KS9000,Televisions,Fry's Electronics,retailer,1
LG,60UH8500,Televisions,Fry's Electronics,retailer,1
Samsung,UN65KU7000,Televisions,Fry's Electronics,retailer,1
Sony,XBR65X810C,Televisions,Fry's Electronics,retailer,1
Samsung,UN55HU6840FXZA,Televisions,Fry's Electronics,retailer,1
LG,55UH6550,Televisions,Fry's Electronics,retailer,1
Samsung,UN48J5000BFXZA,Televisions,Fry's Electronics,retailer,1
LG,60UJ6540,Televisions,Fry's Electronics,retailer,1
Sony,XBR43X800D,Televisions,Fry's Electronics,retailer,1
LG,55UH6030,Televisions,Fry's Electronics,retailer,1
Samsung,UN24H4500,Televisions,Fry's Electronics,retailer,1
Sony,KDL32R400A,Televisions,Fry's Electronics,retailer,1
Naxa,NTL-7000,Televisions,Fry's Electronics,retailer,1
Magnavox,24ME403V/F7,Televisions,Fry's Electronics,retailer,1
Naxa,NTL-4300N,Televisions,Fry's Electronics,retailer,1
Avera,49EQX10,Televisions,Fry's Electronics,retailer,1
Samsung,UN43J5200,Televisions,Fry's Electronics,retailer,1
Samsung,UN60JU6400,Televisions,Fry's Electronics,retailer,1
Samsung,UN65KU6300FXZA,Televisions,Fry's Electronics,retailer,1
Samsung,UN65JS9000FXZA,Televisions,Fry's Electronics,retailer,1
Samsung,UN65KS9800,Televisions,Fry's Electronics,retailer,1
Sony,XBR65X850C,Televisions,Fry's Electronics,retailer,1
Samsung,UN65J6200,Televisions,Fry's Electronics,retailer,1
Samsung,RBUN65KU6290FXZA,Televisions,Fry's Electronics,retailer,1
Samsung,UN65KU6290,Televisions,Fry's Electronics,retailer,1
Sony,XBR55X700D,Televisions,Fry's Electronics,retailer,1
Samsung,UN55MU6490FXZA,Televisions,Fry's Electronics,retailer,1
Samsung,UN43KU6300FXZA,Televisions,Fry's Electronics,retailer,1
LG,55LJ5500,Televisions,Fry's Electronics,retailer,1
Samsung,UN40J6200,Televisions,Fry's Electronics,retailer,1
Sony,XBR49X830C,Televisions,Fry's Electronics,retailer,1
Samsung,UN32M5300AFXZA,Televisions,Fry's Electronics,retailer,1
Sharp,RBLC-43N6100U,Televisions,Fry's Electronics,retailer,1
KC,KC40V1,Televisions,Fry's Electronics,retailer,1
Atyme,320AM5HD,Televisions,Fry's Electronics,retailer,1
Proscan,PLED1960A,Televisions,Fry's Electronics,retailer,1
Samsung,UN75H6350AFXZA,Televisions,Fry's Electronics,retailer,1
LG,49LH5700,Televisions,Fry's Electronics,retailer,1
Sony,XBR55X850D,Televisions,Fry's Electronics,retailer,1
LG,50LB6500,Televisions,Fry's Electronics,retailer,1
Samsung,UN78KS9500FXZA,Televisions,Fry's Electronics,retailer,1
Sharp,RBLC-55N6000U,Televisions,Fry's Electronics,retailer,1
Samsung,UN50KU6300FXZA,Televisions,Fry's Electronics,retailer,1
Samsung,UN49K6250AFXZA,Televisions,Fry's Electronics,retailer,1
LG,43LJ5500,Televisions,Fry's Electronics,retailer,1
Samsung,UN48J5200,Televisions,Fry's Electronics,retailer,1
Sony,KDL48R510C,Televisions,Fry's Electronics,retailer,1
LG,49UH6030,Televisions,Fry's Electronics,retailer,1
Sony,KDL40R510C,Televisions,Fry's Electronics,retailer,1
SILO,SL48V2,Televisions,Fry's Electronics,retailer,1
Atyme,395AM7DVD,Televisions,Fry's Electronics,retailer,1
Atyme,400AM7HD,Televisions,Fry's Electronics,retailer,1
RCA,LED40G45RQ,Televisions,Fry's Electronics,retailer,1
Super Sonic,SC-195,Televisions,Fry's Electronics,retailer,1
Avera,40AER10,Televisions,Fry's Electronics,retailer,1
SILO,55UHDK200,Televisions,Fry's Electronics,retailer,1
RCA,SLD48G45RQ,Televisions,Fry's Electronics,retailer,1
LG,43LH5700,Televisions,Fry's Electronics,retailer,1
Samsung,RBUN60KU630DFXZA,Televisions,Fry's Electronics,retailer,1
LG,65SJ8500,Televisions,Fry's Electronics,retailer,1
Samsung,UN88JS9500FXZA,Televisions,Fry's Electronics,retailer,1
Sony,XBR65X950B,Televisions,Fry's Electronics,retailer,1
Sharp,RBLC-55P6000U,Televisions,Fry's Electronics,retailer,1
Samsung,UN49MU6290FXZA,Televisions,Fry's Electronics,retailer,1
LeEco,L654UCNN,Televisions,Fry's Electronics,retailer,1
Samsung,UN55KU6290FXZA,Televisions,Fry's Electronics,retailer,1
Sharp,RBLC-50N6000U,Televisions,Fry's Electronics,retailer,1
SILO,SL55V2,Televisions,Fry's Electronics,retailer,1
Hisense,RB43H7C,Televisions,Fry's Electronics,retailer,1
Avera,40EQX10,Televisions,Fry's Electronics,retailer,1
LG,28LJ4540-PU,Televisions,Fry's Electronics,retailer,1
RCA,LED24G45RQ,Televisions,Fry's Electronics,retailer,1
LG,32LH500B,Televisions,Fry's Electronics,retailer,1
Memorex,MLT-3252,Televisions,Fry's Electronics,retailer,1
Samsung,RBUN55JU640DFXZA,Televisions,Fry's Electronics,retailer,1
Samsung,UN55KS9500FXZA,Televisions,Fry's Electronics,retailer,1
Memorex,MLT-4352,Televisions,Fry's Electronics,retailer,1
RCA,RSLD40HG45RQ,Televisions,Fry's Electronics,retailer,1
Sony,XBR43X830C,Televisions,Fry's Electronics,retailer,1
Philips,R55PFL5601/F7,Televisions,Fry's Electronics,retailer,1
Samsung,UN55KS9000FXZA,Televisions,Fry's Electronics,retailer,1
Samsung,UN49MU7000FXZA,Televisions,Fry's Electronics,retailer,1
Sony,XBR49X700D,Televisions,Fry's Electronics,retailer,1
Philips,R50PFL5601/F7,Televisions,Fry's Electronics,retailer,1
Samsung,UN28H4500,Televisions,Fry's Electronics,retailer,1
Hisense,RB43CU6100,Televisions,Fry's Electronics,retailer,1
LG,22LJ4540-PU,Televisions,Fry's Electronics,retailer,1
KC,KC32V3,Televisions,Fry's Electronics,retailer,1
Naxa,NTD-2456,Televisions,Fry's Electronics,retailer,1
Proscan,PLEDV1945A,Televisions,Fry's Electronics,retailer,1
RCA,RLED32G30RQ,Televisions,Fry's Electronics,retailer,1
LG,24LH4530-P,Televisions,Fry's Electronics,retailer,1
Samsung,UN32M4500AFXZA,Televisions,Fry's Electronics,retailer,1
Sharp,RBLC-55N620CU,Televisions,Fry's Electronics,retailer,1
Sony,KDL40R350D,Televisions,Fry's Electronics,retailer,1
RCA,LED50B45RQ,Televisions,Fry's Electronics,retailer,1
LG,49UH6100,Televisions,Fry's Electronics,retailer,1
Sony,XBR55X850B,Televisions,Fry's Electronics,retailer,1
Sony,XBR55X900C,Televisions,Fry's Electronics,retailer,1
LG,55EG9600,Televisions,Fry's Electronics,retailer,1
Samsung,UN65LS003AFXZA,Televisions,Fry's Electronics,retailer,1
LG,OLED55B7A,Televisions,Fry's Electronics,retailer,1
Samsung,UN85JU7100,Televisions,Fry's Electronics,retailer,1
LG,OLED65E6P,Televisions,Fry's Electronics,retailer,1
Sony,XBR49X900E,Televisions,Fry's Electronics,retailer,1
Sony,XBR65X930E,Televisions,Fry's Electronics,retailer,1
LG,OLED65G6P,Televisions,Fry's Electronics,retailer,1
Sony,XBR65X900E,Televisions,Fry's Electronics,retailer,1
Samsung,UN55MU6300FXZA,Televisions,Fry's Electronics,retailer,1
LG,OLED55B6P,Televisions,Fry's Electronics,retailer,1
Samsung,UN65MU6300FXZA,Televisions,Fry's Electronics,retailer,1
Samsung,UN58MU6070,Televisions,Fry's Electronics,retailer,1
Samsung,UN40J5200,Televisions,Fry's Electronics,retailer,1
Samsung,UN40MU7000FXZA,Televisions,Fry's Electronics,retailer,1
Samsung,UN43MU6300FXZA,Televisions,Fry's Electronics,retailer,1
Samsung,UN32J4001AFXZA,Televisions,Fry's Electronics,retailer,1
Samsung,UN19F4000BFXZA,Televisions,Fry's Electronics,retailer,1
JVC,RBLT-55UE76,Televisions,Fry's Electronics,retailer,1
LG,OLED55C6P,Televisions,Fry's Electronics,retailer,1
Samsung,UN55JS8500FXZA,Televisions,Fry's Electronics,retailer,1
Sony,XBR75X940E,Televisions,Fry's Electronics,retailer,1
Samsung,UN55LS003AFXZA,Televisions,Fry's Electronics,retailer,1
LG,OLED65C6P,Televisions,Fry's Electronics,retailer,1
LG,OLED65B7A,Televisions,Fry's Electronics,retailer,1
Samsung,UN75MU6300FXZA,Televisions,Fry's Electronics,retailer,1
Sony,XBR55X930E,Televisions,Fry's Electronics,retailer,1
LG,OLED55C7P,Televisions,Fry's Electronics,retailer,1
LG,OLED65B6P,Televisions,Fry's Electronics,retailer,1
Sony,XBR55X900E,Televisions,Fry's Electronics,retailer,1
LG,55UJ6300,Televisions,Fry's Electronics,retailer,1
Samsung,UN58MU6100FXZA,Televisions,Fry's Electronics,retailer,1
Samsung,UN40MU6300FXZA,Televisions,Fry's Electronics,retailer,1
Samsung,UN32J5205,Televisions,Fry's Electronics,retailer,1
RCA,RLED20G30RQ,Televisions,Fry's Electronics,retailer,1
Samsung,UN24H4000BFXZA,Televisions,Fry's Electronics,retailer,1
LG,43UJ6300,Televisions,Fry's Electronics,retailer,1
Samsung,UN55MU6500FXZA,Televisions,Fry's Electronics,retailer,1
Samsung,UN55MU8000FXZA,Televisions,Fry's Electronics,retailer,1
Sony,XBR75X900E,Televisions,Fry's Electronics,retailer,1
Samsung,UN82MU8000FXZA,Televisions,Fry's Electronics,retailer,1
LG,77W7P,Televisions,Fry's Electronics,retailer,1
LG,OLED65E7P,Televisions,Fry's Electronics,retailer,1
LG,OLED55E7P,Televisions,Fry's Electronics,retailer,1
Samsung,UN75MU6290FXZA,Televisions,Fry's Electronics,retailer,1
Samsung,UN65MU8000FXZA,Televisions,Fry's Electronics,retailer,1
LG,75SJ8570,Televisions,Fry's Electronics,retailer,1
LG,OLED65C7P,Televisions,Fry's Electronics,retailer,1
LG,65SJ9500,Televisions,Fry's Electronics,retailer,1
LG,75UJ6470,Televisions,Fry's Electronics,retailer,1
Sony,XBR65X750D,Televisions,Fry's Electronics,retailer,1
LG,60UJ7700,Televisions,Fry's Electronics,retailer,1
Sony,KDL55W650D,Televisions,Fry's Electronics,retailer,1
LG,49UJ6300,Televisions,Fry's Electronics,retailer,1
Samsung,UN43MU6290FXZA,Televisions,Fry's Electronics,retailer,1
Samsung,UN32J4500,Televisions,Fry's Electronics,retailer,1
Samsung,UN43J5000BFXZA,Televisions,Fry's Electronics,retailer,1
Samsung,UN75MU8000FXZA,Televisions,Fry's Electronics,retailer,1
LG,50UH5500,Televisions,Fry's Electronics,retailer,1
Samsung,QN75Q7FAMFXZA,Televisions,Fry's Electronics,retailer,1
Sony,XBR85X850D,Televisions,Fry's Electronics,retailer,1
LG,98UB9800,Televisions,Fry's Electronics,retailer,1
LG,75UJ657A,Televisions,Fry's Electronics,retailer,1
Samsung,QN65Q7FAMFXZA,Televisions,Fry's Electronics,retailer,1
Samsung,QN65Q9FAMFXZA,Televisions,Fry's Electronics,retailer,1
Samsung,QN65Q8CAMFXZA,Televisions,Fry's Electronics,retailer,1
Samsung,QN65Q7CAMFXZA,Televisions,Fry's Electronics,retailer,1
Samsung,UN65MU8500FXZA,Televisions,Fry's Electronics,retailer,1
Samsung,UN65MU9000FXZA,Televisions,Fry's Electronics,retailer,1
Samsung,QN55Q8CAMFXZA,Televisions,Fry's Electronics,retailer,1
Samsung,UN65MU7500FXZA,Televisions,Fry's Electronics,retailer,1
Samsung,QN55Q7FAMFXZA,Televisions,Fry's Electronics,retailer,1
SILO,SL55v3,Televisions,Fry's Electronics,retailer,1
Samsung,UN55MU8500FXZA,Televisions,Fry's Electronics,retailer,1
Samsung,QN55Q7CAMFXZA,Televisions,Fry's Electronics,retailer,1
Samsung,UN50M5300AFXZA,Televisions,Fry's Electronics,retailer,1
Philips,R55PFL5402/F7,Televisions,Fry's Electronics,retailer,1
Samsung,UN40H5003BFXZA,Televisions,Fry's Electronics,retailer,1
LG,65UJ6300,Televisions,Fry's Electronics,retailer,1
Samsung,UN55J6201AFXZA,Televisions,Fry's Electronics,retailer,1
Samsung,QN75Q8CAMFXZA,Televisions,Fry's Electronics,retailer,1
Sony,KD55X720E,Televisions,Fry's Electronics,retailer,1
Sony,KD60X690E,Televisions,Fry's Electronics,retailer,1
Sony,KD70X690E,Televisions,Fry's Electronics,retailer,1
KC,KC55V2,Televisions,Fry's Electronics,retailer,1
Samsung,QN55Q7CNAFXZA,Televisions,Fry's Electronics,retailer,1
Samsung,QN75Q9FAMFXZA,Televisions,Fry's Electronics,retailer,1
Samsung,UN28H4000BFXZA,Televisions,Fry's Electronics,retailer,1
Atyme,400AM7DVD,Televisions,Fry's Electronics,retailer,1
Samsung,UN28M4500AFXZA,Televisions,Fry's Electronics,retailer,1
Samsung,UN32J5003BFXZA,Televisions,Fry's Electronics,retailer,1
Samsung,UN65NU6900FXZA,Televisions,Fry's Electronics,retailer,1
Samsung,UN55NU6900FXZA,Televisions,Fry's Electronics,retailer,1
Samsung,UN50NU6900FXZA,Televisions,Fry's Electronics,retailer,1
Samsung,UN43NU6900FXZA,Televisions,Fry's Electronics,retailer,1
Samsung,QN55Q6FNAFXZA,Televisions,Fry's Electronics,retailer,1
LG,OLED77W8PUA.AUS,Televisions,Fry's Electronics,retailer,1
Samsung,QN88Q9FAMFXZA,Televisions,Fry's Electronics,retailer,1
Sony,XBR100Z9D,Televisions,Fry's Electronics,retailer,1
LG,32LQ630H,Televisions,Fry's Electronics,retailer,1
Sony,XBR75Z9D,Televisions,Fry's Electronics,retailer,1
LG,65SK8000PUA.AUS,Televisions,Fry's Electronics,retailer,1
Samsung,UN50MU6070,Televisions,Fry's Electronics,retailer,1
Philips,R55PFL5602/F7,Televisions,Fry's Electronics,retailer,1
Samsung,UN55NU7100FXZA,Televisions,Fry's Electronics,retailer,1
Sony,KDL40W650D,Televisions,Fry's Electronics,retailer,1
Atyme,500AM7UD,Televisions,Fry's Electronics,retailer,1
Naxa,NTD-2256,Televisions,Fry's Electronics,retailer,1
Samsung,UN55NU7300FXZA,Televisions,Fry's Electronics,retailer,1
LG,24LH4830-PU,Televisions,Fry's Electronics,retailer,1
Sony,KDL32W600D,Televisions,Fry's Electronics,retailer,1
Naxa,NTD-2460,Televisions,Fry's Electronics,retailer,1
Naxa,NTD-2457-A,Televisions,Fry's Electronics,retailer,1
SILO,SL75V,Televisions,Fry's Electronics,retailer,1
Atyme,320AM5DVD,Televisions,Fry's Electronics,retailer,1
Naxa,NT1907,Televisions,Fry's Electronics,retailer,1
Atyme,550AM7UD,Televisions,Fry's Electronics,retailer,1
LG,24LJ4540-PU,Televisions,Fry's Electronics,retailer,1
Samsung,UN24M4500AFXZA,Televisions,Fry's Electronics,retailer,1
SILO,SL65V,Televisions,Fry's Electronics,retailer,1
Vizio,E65-E1,Televisions,Fry's Electronics,retailer,1
LG,65UK6300PUE.AUS,Televisions,Fry's Electronics,retailer,1
LG,55UK6300PUE.AUS,Televisions,Fry's Electronics,retailer,1
Sony,XBR49X900F,Televisions,Fry's Electronics,retailer,1
Sony,XBR43X800E,Televisions,Fry's Electronics,retailer,1
LG,65UJ6200,Televisions,Fry's Electronics,retailer,1
KC,32V8,Televisions,Fry's Electronics,retailer,1
Samsung,UN43LS003AFXZA,Televisions,Fry's Electronics,retailer,1
Element,EL4KAMZ5017T,Televisions,Fry's Electronics,retailer,1
ATYME,490AM7UD,Televisions,Fry's Electronics,retailer,1
Sony,XBR75X850E,Televisions,Fry's Electronics,retailer,1
Samsung,QN49Q6FNAFXZA,Televisions,Fry's Electronics,retailer,1
Samsung,QN75Q7FNAFXZA,Televisions,Fry's Electronics,retailer,1
Sony,XBR65X900F,Televisions,Fry's Electronics,retailer,1
Atyme,320GM5HD,Televisions,Fry's Electronics,retailer,1
Atyme,395AM7HD,Televisions,Fry's Electronics,retailer,1
LG,49UK6300PUE.AUS,Televisions,Fry's Electronics,retailer,1
Samsung,UN55MU6290FXZA,Televisions,Fry's Electronics,retailer,1
Samsung,QN65Q6FNAFXZA,Televisions,Fry's Electronics,retailer,1
Sony,XBR55A1E,Televisions,Fry's Electronics,retailer,1
KC,KC32V2,Televisions,Fry's Electronics,retailer,1
LG,OLED65E8PUA.AUS,Televisions,Fry's Electronics,retailer,1
LG,86UK6570PUB.AUS,Televisions,Fry's Electronics,retailer,1
LG,65UK7700PUD.AUS,Televisions,Fry's Electronics,retailer,1
Samsung,UN49NU8000FXZA,Televisions,Fry's Electronics,retailer,1
LG,OLED65G7P,Televisions,Fry's Electronics,retailer,1
Samsung,QN75Q8FNBFXZA,Televisions,Fry's Electronics,retailer,1
Sony,KD43X720E,Televisions,Fry's Electronics,retailer,1
Sony,XBR60X830F,Televisions,Fry's Electronics,retailer,1
Samsung,UN55NU8500FXZA,Televisions,Fry's Electronics,retailer,1
Sony,KD49X720E,Televisions,Fry's Electronics,retailer,1
Samsung,UN65MU6290FXZA,Televisions,Fry's Electronics,retailer,1
LG,OLED65W8PUA.AUS,Televisions,Fry's Electronics,retailer,1
Samsung,UN65LS03NAFXZA,Televisions,Fry's Electronics,retailer,1
Samsung,UN55LS03NAFXZA,Televisions,Fry's Electronics,retailer,1
Samsung,QN65Q8FNBFXZA,Televisions,Fry's Electronics,retailer,1
Samsung,QN82Q6FNAFXZA,Televisions,Fry's Electronics,retailer,1
Sony,XBR85X900F,Televisions,Fry's Electronics,retailer,1
Sony,XBR65A8F,Televisions,Fry's Electronics,retailer,1
Samsung,QN65Q7FNAFXZA,Televisions,Fry's Electronics,retailer,1
LG,OLED65C8PUA.AUS,Televisions,Fry's Electronics,retailer,1
Samsung,UN55NU8000FXZA,Televisions,Fry's Electronics,retailer,1
Sony,XBR65X850F,Televisions,Fry's Electronics,retailer,1
Samsung,UN32N5300AFXZA,Televisions,Fry's Electronics,retailer,1
Samsung,UN65NU7100FXZA,Televisions,Fry's Electronics,retailer,1
Sony,XBR75X850F,Televisions,Fry's Electronics,retailer,1
Samsung,UN32J4000CFXZA,Televisions,Fry's Electronics,retailer,1
Samsung,UN65NU7300FXZA,Televisions,Fry's Electronics,retailer,1
Naxa,NTD-1356,Televisions,Fry's Electronics,retailer,1
LG,28LJ400B-PU,Televisions,Fry's Electronics,retailer,1
Samsung,UN75NU7100FXZA,Televisions,Fry's Electronics,retailer,1
Atyme,750AM9UD,Televisions,Fry's Electronics,retailer,1
LG,55UK7700PUD.AUS,Televisions,Fry's Electronics,retailer,1
LG,55SK8000PUA.AUS,Televisions,Fry's Electronics,retailer,1
LG,28LJ430B-PU,Televisions,Fry's Electronics,retailer,1
Sony,XBR77A1E,Televisions,Fry's Electronics,retailer,1
SILO,SL43V3,Televisions,Fry's Electronics,retailer,1
Samsung,UN43NU7100FXZA,Televisions,Fry's Electronics,retailer,1
Samsung,UN40NU7100FXZA,Televisions,Fry's Electronics,retailer,1
Samsung,UN32M4500BFXZA,Televisions,Fry's Electronics,retailer,1
Samsung,UN50NU7100FXZA,Televisions,Fry's Electronics,retailer,1
Sony,XBR85X850F,Televisions,Fry's Electronics,retailer,1
LG,75UK6570PUB.AUS,Televisions,Fry's Electronics,retailer,1
Samsung,QN75Q6FNAFXZA,Televisions,Fry's Electronics,retailer,1
Sony,XBR55X900F,Televisions,Fry's Electronics,retailer,1
LG,43UK6300PUE.AUS,Televisions,Fry's Electronics,retailer,1
Sony,XBR65A1E,Televisions,Fry's Electronics,retailer,1
LG,49SK8000PUA.AUS,Televisions,Fry's Electronics,retailer,1
Sony,XBR49X800E,Televisions,Fry's Electronics,retailer,1
SILO,SL49V3,Televisions,Fry's Electronics,retailer,1
Atyme,650AM7UD,Televisions,Fry's Electronics,retailer,1
Naxa,NTD-1955,Televisions,Fry's Electronics,retailer,1
Sony,KDL48W650D,Televisions,Fry's Electronics,retailer,1
Naxa,NT-2410,Televisions,Fry's Electronics,retailer,1
LG,24LJ4540-WU,Televisions,Fry's Electronics,retailer,1
LG,OLED55C8PUA.AUS,Televisions,Fry's Electronics,retailer,1
Sony,XBR75X900F,Televisions,Fry's Electronics,retailer,1
Samsung,UN65NU8000FXZA,Televisions,Fry's Electronics,retailer,1
Sony,XBR70X830F,Televisions,Fry's Electronics,retailer,1
Atyme,430AM7UD,Televisions,Fry's Electronics,retailer,1
Samsung,UN65NU8500FXZA,Televisions,Fry's Electronics,retailer,1
LG,75SK8070PUA.AUS,Televisions,Fry's Electronics,retailer,1
Sony,XBR65X850E,Televisions,Fry's Electronics,retailer,1
LG,OLED77C8PUA.AUS,Televisions,Fry's Electronics,retailer,1
Samsung,QN55Q8FNBFXZA,Televisions,Fry's Electronics,retailer,1
Samsung,QN55Q7FNAFXZA,Televisions,Fry's Electronics,retailer,1
LG,55SK9000PUA.AUS,Televisions,Fry's Electronics,retailer,1
Sony,XBR55X800E,Televisions,Fry's Electronics,retailer,1
LG,55B8PUA.AUS,Televisions,Fry's Electronics,retailer,1
LG,OLED55E8PUA.AUS,Televisions,Fry's Electronics,retailer,1
LG,70UK6570PUB.AUS,Televisions,Fry's Electronics,retailer,1
Samsung,UN40MU6290FXZA,Televisions,Fry's Electronics,retailer,1
LG,65SK9500PUA.AUS,Televisions,Fry's Electronics,retailer,1
Samsung,QN75Q9FNAFXZA,Televisions,Fry's Electronics,retailer,1
LG,65B8PUA.AUS,Televisions,Fry's Electronics,retailer,1
Sony,XBR55A8F,Televisions,Fry's Electronics,retailer,1
Samsung,QN65Q9FNAFXZA,Televisions,Fry's Electronics,retailer,1
Samsung,UN75NU8000FXZA,Televisions,Fry's Electronics,retailer,1
Samsung,UN82NU8000FXZA,Televisions,Fry's Electronics,retailer,1
LG,65SK9000PUA.AUS,Televisions,Fry's Electronics,retailer,1
Samsung,QN65Q7CNAFXZA,Televisions,Fry's Electronics,retailer,1
Google,GGL- GA3A00403A14,Streaming Media Players,Fry's Electronics,retailer,1
Amazon,B00ZV9RDKK,Streaming Media Players,Fry's Electronics,retailer,1
Roku,4660R,Streaming Media Players,Fry's Electronics,retailer,1
Elgato,10025040,Streaming Media Players,Fry's Electronics,retailer,1
Roku,3900R,Streaming Media Players,Fry's Electronics,retailer,1
NVIDIA,945125712500010,Streaming Media Players,Fry's Electronics,retailer,1
Google,GA3A00147-A14-Z01,Streaming Media Players,Fry's Electronics,retailer,1
Silicon Dust,HDHR3-CC,Streaming Media Players,Fry's Electronics,retailer,1
TiVo,TCD849000v2,Streaming Media Players,Fry's Electronics,retailer,1
Silicon Dust,HDTC-2US-M,Streaming Media Players,Fry's Electronics,retailer,1
TIVO,TCD849500v2-B,Streaming Media Players,Fry's Electronics,retailer,1
TIVO,TCD849500v2,Streaming Media Players,Fry's Electronics,retailer,1
Roku,4630XB,Streaming Media Players,Fry's Electronics,retailer,1
Roku,4620XB,Streaming Media Players,Fry's Electronics,retailer,1
Apple,MLFQ2AM/A,Streaming Media Players,Fry's Electronics,retailer,1
Roku,3600XB,Streaming Media Players,Fry's Electronics,retailer,1
Amazon,4300934,Streaming Media Players,Fry's Electronics,retailer,1
Roku,3710RW,Streaming Media Players,Fry's Electronics,retailer,1
Roku,4640XB,Streaming Media Players,Fry's Electronics,retailer,1
NVIDIA,945128972500001,Streaming Media Players,Fry's Electronics,retailer,1
Silicon Dust,HDHR4-2US,Streaming Media Players,Fry's Electronics,retailer,1
Sony,FMPX10,Streaming Media Players,Fry's Electronics,retailer,1
NA,CR01,Streaming Media Players,Fry's Electronics,retailer,1
IO Gear,GWAVRB,Streaming Media Players,Fry's Electronics,retailer,1
TIVO,TCD849000,Streaming Media Players,Fry's Electronics,retailer,1
Bose,761682-1210,Home Theater Systems,Fry's Electronics,retailer,1
Enclave Audio,EA-100-HTIB-REG1,Home Theater Systems,Fry's Electronics,retailer,1
Onkyo,HTS7800,Home Theater Systems,Fry's Electronics,retailer,1
Onkyo,HT-S5800,Home Theater Systems,Fry's Electronics,retailer,1
Onkyo,SKS-HT540,Home Theater Systems,Fry's Electronics,retailer,1
Yamaha,YHT-399UBL,Home Theater Systems,Fry's Electronics,retailer,1
Yamaha,YHT-4920UBL,Home Theater Systems,Fry's Electronics,retailer,1
Onkyo,SKS-HT594,Home Theater Systems,Fry's Electronics,retailer,1
LG,BH5140S,Home Theater Systems,Fry's Electronics,retailer,1
Sony,DAVDZ170,Home Theater Systems,Fry's Electronics,retailer,1
Bose,782114-1110,Home Theater Systems,Fry's Electronics,retailer,1
Bose,782114-1210,Home Theater Systems,Fry's Electronics,retailer,1
Onkyo,SKS-HT993THX,Home Theater Systems,Fry's Electronics,retailer,1
Onkyo,SKS-HT870,Home Theater Systems,Fry's Electronics,retailer,1
Harman Kardon,HKTS 2BQMKII,Home Theater Systems,Fry's Electronics,retailer,1
Boston,SoundWare XS Digital,Home Theater Systems,Fry's Electronics,retailer,1
Samsung,HT-H4500 Htib,Home Theater Systems,Fry's Electronics,retailer,1
Sony,BDVN5200W,Home Theater Systems,Fry's Electronics,retailer,1
Yamaha,YHT-5920UBL,Home Theater Systems,Fry's Electronics,retailer,1
Bose,625904-1300,Home Theater Systems,Fry's Electronics,retailer,1
Bose,625907-1300,Home Theater Systems,Fry's Electronics,retailer,1
Bose,625906-1300,Home Theater Systems,Fry's Electronics,retailer,1
Philips,HTB3524/F7B,Home Theater Systems,Fry's Electronics,retailer,1
Onkyo,HT-S9700THX,Home Theater Systems,Fry's Electronics,retailer,1
Denon,DHT-1513BA,Home Theater Systems,Fry's Electronics,retailer,1
Onkyo,HT-S3500,Home Theater Systems,Fry's Electronics,retailer,1
LG,BH9230BW,Home Theater Systems,Fry's Electronics,retailer,1
Onkyo,Onkyo HT-S7700,Home Theater Systems,Fry's Electronics,retailer,1
Bose,738518-1300,Home Theater Systems,Fry's Electronics,retailer,1
Bose,761682-1110,Home Theater Systems,Fry's Electronics,retailer,1
Bose,761683-1210,Home Theater Systems,Fry's Electronics,retailer,1
Klipsch,R-15PM Powered BT B,Home Theater Systems,Fry's Electronics,retailer,1
Yamaha,YHT-3920UBL,Home Theater Systems,Fry's Electronics,retailer,1
Bose,720962-1100,Home Theater Systems,Fry's Electronics,retailer,1
Onkyo,HTS3900,Home Theater Systems,Fry's Electronics,retailer,1
Samsung,HT-J4500/ZA,Home Theater Systems,Fry's Electronics,retailer,1
Harman Kardon,CINEMA510AM,Home Theater Systems,Fry's Electronics,retailer,1
Samsung,HT-J5500W Htib,Home Theater Systems,Fry's Electronics,retailer,1
Harman Kardon,HKTS30BQ,Home Theater Systems,Fry's Electronics,retailer,1
Sony,BDVE3100,Home Theater Systems,Fry's Electronics,retailer,1
Grand Prix,HT050B,Home Theater Systems,Fry's Electronics,retailer,1
Denon,HEOS 1 HS2 Black,Home Theater Systems,Fry's Electronics,retailer,1
Samsung,SWA-8500S/ZA,Home Theater Systems,Fry's Electronics,retailer,1
Bose,761683-1110,Home Theater Systems,Fry's Electronics,retailer,1
Samsung,RBBD-JM51/ZA,Home Theater Systems,Fry's Electronics,retailer,1
Grand Prix,HTB017B,Home Theater Systems,Fry's Electronics,retailer,1
Samsung,SWA-9000S/ZA,Home Theater Systems,Fry's Electronics,retailer,1
Polk Audio,MagniFI MAX SR SYSTE,Home Theater Systems,Fry's Electronics,retailer,1
Jamo,S 526 HCS Black Ash,Home Theater Systems,Fry's Electronics,retailer,1
Philips,BDP7501/F7,Blu-Ray & DVD Players,Fry's Electronics,retailer,1
Philips,DVP2880/F7,Blu-Ray & DVD Players,Fry's Electronics,retailer,1
Philips,BDP1305/F7,Blu-Ray & DVD Players,Fry's Electronics,retailer,1
Apple,MLNC2LL/A,Blu-Ray & DVD Players,Fry's Electronics,retailer,1
Samsung,BD-J7500,Blu-Ray & DVD Players,Fry's Electronics,retailer,1
LG,BPM55,Blu-Ray & DVD Players,Fry's Electronics,retailer,1
Panasonic,DMP-BD81,Blu-Ray & DVD Players,Fry's Electronics,retailer,1
Samsung,BD-H6500/ZA,Blu-Ray & DVD Players,Fry's Electronics,retailer,1
Panasonic,DMP-BDT360,Blu-Ray & DVD Players,Fry's Electronics,retailer,1
Funai,MBP5320F/F7,Blu-Ray & DVD Players,Fry's Electronics,retailer,1
Sony,BDPS5500,Blu-Ray & DVD Players,Fry's Electronics,retailer,1
Sony,BDPS6200,Blu-Ray & DVD Players,Fry's Electronics,retailer,1
Samsung,BD-F5700/ZA,Blu-Ray & DVD Players,Fry's Electronics,retailer,1
Sony,BDPS5200,Blu-Ray & DVD Players,Fry's Electronics,retailer,1
Sherwood,CDC-5506,Blu-Ray & DVD Players,Fry's Electronics,retailer,1
Philips,DVP2800/F7,Blu-Ray & DVD Players,Fry's Electronics,retailer,1
Philips,BDP2501/F7,Blu-Ray & DVD Players,Fry's Electronics,retailer,1
Sony,BDPS3200,Blu-Ray & DVD Players,Fry's Electronics,retailer,1
LG,BP540,Blu-Ray & DVD Players,Fry's Electronics,retailer,1
Sony,SONY BDP-S5100,Blu-Ray & DVD Players,Fry's Electronics,retailer,1
LG,BP530,Blu-Ray & DVD Players,Fry's Electronics,retailer,1
LG,BP550,Blu-Ray & DVD Players,Fry's Electronics,retailer,1
Sony,BDPS790,Blu-Ray & DVD Players,Fry's Electronics,retailer,1
Sony,BDPS6500,Blu-Ray & DVD Players,Fry's Electronics,retailer,1
SAMSUNG,UBD-K8500/ZA,Blu-Ray & DVD Players,Fry's Electronics,retailer,1
Samsung,RBBD-JM57C/ZA,Blu-Ray & DVD Players,Fry's Electronics,retailer,1
Sanyo,RFWBP706F,Blu-Ray & DVD Players,Fry's Electronics,retailer,1
Panasonic,DMP-BDT460,Blu-Ray & DVD Players,Fry's Electronics,retailer,1
Samsung,BD-JM57C,Blu-Ray & DVD Players,Fry's Electronics,retailer,1
Panasonic,DMP-BDT270S,Blu-Ray & DVD Players,Fry's Electronics,retailer,1
LG,BP165,Blu-Ray & DVD Players,Fry's Electronics,retailer,1
Samsung,BD-J5900 Ref,Blu-Ray & DVD Players,Fry's Electronics,retailer,1
Philips,RBPD9000/37B,Blu-Ray & DVD Players,Fry's Electronics,retailer,1
Sony,BDPS1500,Blu-Ray & DVD Players,Fry's Electronics,retailer,1
Samsung,DVD-C500,Blu-Ray & DVD Players,Fry's Electronics,retailer,1
Samsung,BD-F5100/ZA,Blu-Ray & DVD Players,Fry's Electronics,retailer,1
PANASONIC,DMP-BD903,Blu-Ray & DVD Players,Fry's Electronics,retailer,1
Philips,BDP1300/F7B,Blu-Ray & DVD Players,Fry's Electronics,retailer,1
Samsung,BDJ5700ZA,Blu-Ray & DVD Players,Fry's Electronics,retailer,1
Samsung,BD-H5900/ZA,Blu-Ray & DVD Players,Fry's Electronics,retailer,1
Sony,SONY BDPS3100,Blu-Ray & DVD Players,Fry's Electronics,retailer,1
Samsung,BD-J5900/ZA,Blu-Ray & DVD Players,Fry's Electronics,retailer,1
Tablo,SPVR201NA,Blu-Ray & DVD Players,Fry's Electronics,retailer,1
Roku,3900XB,Blu-Ray & DVD Players,Fry's Electronics,retailer,1
Panasonic,DMP-UB900,Blu-Ray & DVD Players,Fry's Electronics,retailer,1
NA,PD1053BX,Blu-Ray & DVD Players,Fry's Electronics,retailer,1
Grand Prix,PD951B,Blu-Ray & DVD Players,Fry's Electronics,retailer,1
LG,UP970,Blu-Ray & DVD Players,Fry's Electronics,retailer,1
Roku,3810XB,Blu-Ray & DVD Players,Fry's Electronics,retailer,1
NA,NK9388PW,Blu-Ray & DVD Players,Fry's Electronics,retailer,1
LG,DP132,Blu-Ray & DVD Players,Fry's Electronics,retailer,1
LG,BP225,Blu-Ray & DVD Players,Fry's Electronics,retailer,1
PHILIPS,PD9016/37B,Blu-Ray & DVD Players,Fry's Electronics,retailer,1
Samsung,bd-J5100,Blu-Ray & DVD Players,Fry's Electronics,retailer,1
LG,UP870,Blu-Ray & DVD Players,Fry's Electronics,retailer,1
Sylvania,SDVD7029,Blu-Ray & DVD Players,Fry's Electronics,retailer,1
SLY,PBST314,Blu-Ray & DVD Players,Fry's Electronics,retailer,1
Sanyo,RFWBP505F,Blu-Ray & DVD Players,Fry's Electronics,retailer,1
Tablo,SPVR2-02-EN,Blu-Ray & DVD Players,Fry's Electronics,retailer,1
LG,UBK90,Blu-Ray & DVD Players,Fry's Electronics,retailer,1
NA,3800XB,Blu-Ray & DVD Players,Fry's Electronics,retailer,1
Google,GA3A00093-A14-Z01,Blu-Ray & DVD Players,Fry's Electronics,retailer,1
GPX,PD951R,Blu-Ray & DVD Players,Fry's Electronics,retailer,1
Apple,MQD22LL/A,Blu-Ray & DVD Players,Fry's Electronics,retailer,1
Apple,MR912LL/A,Blu-Ray & DVD Players,Fry's Electronics,retailer,1
Amazon,AMZ-FIRETV4K,Blu-Ray & DVD Players,Fry's Electronics,retailer,1
Amazon,AMZ-FIRETVCUBE,Blu-Ray & DVD Players,Fry's Electronics,retailer,1
Sony,BDPS6700,Blu-Ray & DVD Players,Fry's Electronics,retailer,1
Sony,BDPS3700,Blu-Ray & DVD Players,Fry's Electronics,retailer,1
Sony,UBPX800,Blu-Ray & DVD Players,Fry's Electronics,retailer,1
Samsung,BD-J5700/ZA,Blu-Ray & DVD Players,Fry's Electronics,retailer,1
LG,BP350,Blu-Ray & DVD Players,Fry's Electronics,retailer,1
Sony,BDPS1700,Blu-Ray & DVD Players,Fry's Electronics,retailer,1
Sony,DVPSR210P,Blu-Ray & DVD Players,Fry's Electronics,retailer,1
Naxa,NPD-1004,Blu-Ray & DVD Players,Fry's Electronics,retailer,1
Tablo,SPVR401NA,Blu-Ray & DVD Players,Fry's Electronics,retailer,1
Samsung,UBD-M9500/ZA,Blu-Ray & DVD Players,Fry's Electronics,retailer,1
Samsung,UBD-M7500/ZA,Blu-Ray & DVD Players,Fry's Electronics,retailer,1
Panasonic,DVD-S500,Blu-Ray & DVD Players,Fry's Electronics,retailer,1
Samsung,BD-JM63C,Blu-Ray & DVD Players,Fry's Electronics,retailer,1
Samsung,BD-J5100/ZA,Blu-Ray & DVD Players,Fry's Electronics,retailer,1
Apple,MP7P2LL/A,Blu-Ray & DVD Players,Fry's Electronics,retailer,1
Sony,UBPX700,Blu-Ray & DVD Players,Fry's Electronics,retailer,1
Samsung,UBD-M8500/ZA,Blu-Ray & DVD Players,Fry's Electronics,retailer,1
Roku,4660XB,Blu-Ray & DVD Players,Fry's Electronics,retailer,1
SiliconDust,HDHR5-4US,Blu-Ray & DVD Players,Fry's Electronics,retailer,1
Sony,DVDSR510H,Blu-Ray & DVD Players,Fry's Electronics,retailer,1
GPX,SC-178DVD-7,Blu-Ray & DVD Players,Fry's Electronics,retailer,1
QFX,VP-109,Blu-Ray & DVD Players,Fry's Electronics,retailer,1
GPX,SC-179DVD,Blu-Ray & DVD Players,Fry's Electronics,retailer,1
Samsung,UBDM7500-R,Blu-Ray & DVD Players,Fry's Electronics,retailer,1
Samsung,BD-J6300/ZA,Blu-Ray & DVD Players,Fry's Electronics,retailer,1
Supersonic,SC-259A,Blu-Ray & DVD Players,Fry's Electronics,retailer,1
GPX,D200B,Blu-Ray & DVD Players,Fry's Electronics,retailer,1
Naxa,ND-856,Blu-Ray & DVD Players,Fry's Electronics,retailer,1
Sanyo,RFWDP175F,Blu-Ray & DVD Players,Fry's Electronics,retailer,1
Supersonic,SC-257A,Blu-Ray & DVD Players,Fry's Electronics,retailer,1
Naxa,ND-861,Blu-Ray & DVD Players,Fry's Electronics,retailer,1
LG,UBK80,Blu-Ray & DVD Players,Fry's Electronics,retailer,1
SYLVANIA,SDVD8739,Blu-Ray & DVD Players,Fry's Electronics,retailer,1
GPX,PD701W,Blu-Ray & DVD Players,Fry's Electronics,retailer,1
Samsung,UBD-KM85C-R,Blu-Ray & DVD Players,Fry's Electronics,retailer,1
Sanyo,RFWZV475F,Blu-Ray & DVD Players,Fry's Electronics,retailer,1
Samsung,SM-T380NZKEXAR,Android Tablets,Fry's Electronics,retailer,1
Samsung,SM-T280NZWAXAR,Android Tablets,Fry's Electronics,retailer,1
Asus,Z300M-A2-GD,Android Tablets,Fry's Electronics,retailer,1
Samsung,SM-T280NZKAXAR,Android Tablets,Fry's Electronics,retailer,1
Samsung,SM-T580NZWAXAR,Android Tablets,Fry's Electronics,retailer,1
Samsung,SM-T580NZKAXAR,Android Tablets,Fry's Electronics,retailer,1
Samsung,SM-T713NZKEXAR,Android Tablets,Fry's Electronics,retailer,1
Samsung,SM-T380NZSEXAR,Android Tablets,Fry's Electronics,retailer,1
Samsung,SM-P580NZKAXAR,Android Tablets,Fry's Electronics,retailer,1
Samsung,SM-T813NZKEXAR,Android Tablets,Fry's Electronics,retailer,1
Samsung,SM-P580NZWAXAR,Android Tablets,Fry's Electronics,retailer,1
Samsung,SM-T113NDWACCC,Android Tablets,Fry's Electronics,retailer,1
Samsung,SM-T813NZWEXAR,Android Tablets,Fry's Electronics,retailer,1
SLY,PBSKD12,Android Tablets,Fry's Electronics,retailer,1
SLY,CUBBY,Android Tablets,Fry's Electronics,retailer,1
Naxa,NID-9001/ 9002,Android Tablets,Fry's Electronics,retailer,1
Samsung,SM-T713NZWEXAR,Android Tablets,Fry's Electronics,retailer,1
Samsung,SM-T560NZKUXAR,Android Tablets,Fry's Electronics,retailer,1
Huawei,53018231,Android Tablets,Fry's Electronics,retailer,1
Samsung,SM-T820NZSAXAR,Android Tablets,Fry's Electronics,retailer,1
Asus,Z380M-A2-GR,Android Tablets,Fry's Electronics,retailer,1
Proscan,PLT9999G-K,Android Tablets,Fry's Electronics,retailer,1
Samsung,SM-T670NZKAXAR,Android Tablets,Fry's Electronics,retailer,1
Schok,SM7216GB,Android Tablets,Fry's Electronics,retailer,1
Lenovo,ZA1N0007US,Android Tablets,Fry's Electronics,retailer,1
Schok,SM7216TB,Android Tablets,Fry's Electronics,retailer,1
Schok,SM7216WB,Android Tablets,Fry's Electronics,retailer,1
Schok,SM7216RB,Android Tablets,Fry's Electronics,retailer,1
Samsung,SM-T350NZWAXAR,Android Tablets,Fry's Electronics,retailer,1
Samsung,SM-T350NZAAXAR,Android Tablets,Fry's Electronics,retailer,1
Asus,Z300M-A2-GR,Android Tablets,Fry's Electronics,retailer,1
Schok,SM7216PB,Android Tablets,Fry's Electronics,retailer,1
LG,LGV940N,Android Tablets,Fry's Electronics,retailer,1
Proscan,PLT1065G-K,Android Tablets,Fry's Electronics,retailer,1
Samsung,SM-T820NZKAXAR,Android Tablets,Fry's Electronics,retailer,1
Samsung,SM-T813NZKFXAR,Android Tablets,Fry's Electronics,retailer,1
Ematic,EGQ180,Android Tablets,Fry's Electronics,retailer,1
Asus,Z170C-A1-BK,Android Tablets,Fry's Electronics,retailer,1
LG,LGV700.AUSABK,Android Tablets,Fry's Electronics,retailer,1
GOOGLE INC.,GGL-GA3A00074-A14,Android Tablets,Fry's Electronics,retailer,1
Lenovo,Yoga Tab 3 Pro 10,Android Tablets,Fry's Electronics,retailer,1
Samsung,SM-T113NYKAXAR,Android Tablets,Fry's Electronics,retailer,1
Lenovo,ZA090094US,Android Tablets,Fry's Electronics,retailer,1
Samsung,SM-T810NZKEXAR,Android Tablets,Fry's Electronics,retailer,1
Samsung,SM-T550NZAAXAR,Android Tablets,Fry's Electronics,retailer,1
Lenovo,Tab 3 A7,Android Tablets,Fry's Electronics,retailer,1
Lenovo,Tab 3 A8,Android Tablets,Fry's Electronics,retailer,1
Lenovo,Tab 3 Essential,Android Tablets,Fry's Electronics,retailer,1
Visual Land,ME-10Q-16GB-BLK,Android Tablets,Fry's Electronics,retailer,1
Ematic,EGQ223,Android Tablets,Fry's Electronics,retailer,1
Visual Land,Elite 8QI,Android Tablets,Fry's Electronics,retailer,1
Visual Land,7QS-WC-16GB-BLK,Android Tablets,Fry's Electronics,retailer,1
Samsung,SM-T810NZDEXAR,Android Tablets,Fry's Electronics,retailer,1
Visual Land,8Qi Paisley,Android Tablets,Fry's Electronics,retailer,1
Samsung,SM-T113NDWAXAR,Android Tablets,Fry's Electronics,retailer,1
Samsung,SM-T710NZWEXAR,Android Tablets,Fry's Electronics,retailer,1
